,Transaction_ID,Amount,Age
count,1000.0,1000.0,1000.0
mean,1500.5,391.5632,41.048
std,288.8194360957494,483.4495148034836,13.285639021296802
min,1001.0,5.2,18.0
25%,1250.75,78.12,29.0
50%,1500.5,147.95999999999998,41.0
75%,1750.25,557.9125,52.0
max,2000.0,1964.27,64.0
